empresa,produto_extraido,codigo_produto,codigo_valido,pagina_catalogo,data_catalogo,metodo_extracao,qualidade_extracao,revisao_necessaria,fonte
Milk Distribuidora,BLUEBERRY,02,Sim,2,2022-02-14,lista_pontilhada,Alta,Sim,dados\catalogos\catalogo_milk_2022.pdf
Milk Distribuidora,BAUNILHA,109,Sim,2,2022-02-14,lista_pontilhada,Alta,Sim,dados\catalogos\catalogo_milk_2022.pdf
Milk Distribuidora,FRUTAS TROPICAIS,112,Sim,2,2022-02-14,lista_pontilhada,Alta,Sim,dados\catalogos\catalogo_milk_2022.pdf
Milk Distribuidora,QUEIJO,114,Sim,2,2022-02-14,lista_pontilhada,Alta,Sim,dados\catalogos\catalogo_milk_2022.pdf
Milk Distribuidora,COOKIE LEITINHO,115,Sim,2,2022-02-14,lista_pontilhada,Alta,Sim,dados\catalogos\catalogo_milk_2022.pdf
Milk Distribuidora,TAPIOCA,116,Sim,2,2022-02-14,lista_pontilhada,Alta,Sim,dados\catalogos\catalogo_milk_2022.pdf
Milk Distribuidora,CHICLETE,127,Sim,2,2022-02-14,lista_pontilhada,Alta,Sim,dados\catalogos\catalogo_milk_2022.pdf
Milk Distribuidora,MORANGO,128,Sim,2,2022-02-14,lista_pontilhada,Alta,Sim,dados\catalogos\catalogo_milk_2022.pdf
Milk Distribuidora,STARGEL 20KG,130,Sim,2,2022-02-14,lista_pontilhada,Alta,Sim,dados\catalogos\catalogo_milk_2022.pdf
Milk Distribuidora,CHOCOLATE BELGA,131,Sim,2,2022-02-14,lista_pontilhada,Alta,Sim,dados\catalogos\catalogo_milk_2022.pdf
Milk Distribuidora,LEITINHO,132,Sim,2,2022-02-14,lista_pontilhada,Alta,Sim,dados\catalogos\catalogo_milk_2022.pdf
Milk Distribuidora,PUDIM,134,Sim,2,2022-02-14,lista_pontilhada,Alta,Sim,dados\catalogos\catalogo_milk_2022.pdf
Milk Distribuidora,ABACATE,148,Sim,2,2022-02-14,lista_pontilhada,Alta,Sim,dados\catalogos\catalogo_milk_2022.pdf
Milk Distribuidora,CUPUAÇÚ,149,Sim,2,2022-02-14,lista_pontilhada,Alta,Sim,dados\catalogos\catalogo_milk_2022.pdf
Milk Distribuidora,GOIABA,150,Sim,2,2022-02-14,lista_pontilhada,Alta,Sim,dados\catalogos\catalogo_milk_2022.pdf
Milk Distribuidora,CHOCOLATE PREMIUM,156,Sim,2,2022-02-14,lista_pontilhada,Alta,Sim,dados\catalogos\catalogo_milk_2022.pdf
Milk Distribuidora,IOGURTE ESPECIAL,171,Sim,2,2022-02-14,lista_pontilhada,Alta,Sim,dados\catalogos\catalogo_milk_2022.pdf
Milk Distribuidora,LEITE CONDENSADO,21,Sim,2,2022-02-14,lista_pontilhada,Alta,Sim,dados\catalogos\catalogo_milk_2022.pdf
Milk Distribuidora,MORANGO STAR,22,Sim,2,2022-02-14,lista_pontilhada,Alta,Sim,dados\catalogos\catalogo_milk_2022.pdf
Milk Distribuidora,CHOCOLATE BRANCO,23,Sim,2,2022-02-14,lista_pontilhada,Alta,Sim,dados\catalogos\catalogo_milk_2022.pdf
Milk Distribuidora,GRAVIOLA ESPECIAL,24,Sim,2,2022-02-14,lista_pontilhada,Alta,Sim,dados\catalogos\catalogo_milk_2022.pdf
Milk Distribuidora,AZULATO,25,Sim,2,2022-02-14,lista_pontilhada,Alta,Sim,dados\catalogos\catalogo_milk_2022.pdf
Milk Distribuidora,UVA,26,Sim,2,2022-02-14,lista_pontilhada,Alta,Sim,dados\catalogos\catalogo_milk_2022.pdf
Milk Distribuidora,NATA GUARANI,27,Sim,2,2022-02-14,lista_pontilhada,Alta,Sim,dados\catalogos\catalogo_milk_2022.pdf
Milk Distribuidora,CRISTALIZADO UVA,28,Sim,2,2022-02-14,lista_pontilhada,Alta,Sim,dados\catalogos\catalogo_milk_2022.pdf
Milk Distribuidora,BAUNILHA BRANCA,31,Sim,2,2022-02-14,lista_pontilhada,Alta,Sim,dados\catalogos\catalogo_milk_2022.pdf
Milk Distribuidora,ABACAXI,38,Sim,2,2022-02-14,lista_pontilhada,Alta,Sim,dados\catalogos\catalogo_milk_2022.pdf
Milk Distribuidora,ABACAXI HAVAI,39,Sim,2,2022-02-14,lista_pontilhada,Alta,Sim,dados\catalogos\catalogo_milk_2022.pdf
Milk Distribuidora,STARGEL KR 10KG,40,Sim,2,2022-02-14,lista_pontilhada,Alta,Sim,dados\catalogos\catalogo_milk_2022.pdf
Milk Distribuidora,BANANA,41,Sim,2,2022-02-14,lista_pontilhada,Alta,Sim,dados\catalogos\catalogo_milk_2022.pdf
Milk Distribuidora,BRIGADEIRO ESPECIAL,42,Sim,2,2022-02-14,lista_pontilhada,Alta,Sim,dados\catalogos\catalogo_milk_2022.pdf
Milk Distribuidora,CHOCOLATE,43,Sim,2,2022-02-14,lista_pontilhada,Alta,Sim,dados\catalogos\catalogo_milk_2022.pdf
Milk Distribuidora,CHOCOLATE BRANCO,44,Sim,2,2022-02-14,lista_pontilhada,Alta,Sim,dados\catalogos\catalogo_milk_2022.pdf
Milk Distribuidora,COCO,45,Sim,2,2022-02-14,lista_pontilhada,Alta,Sim,dados\catalogos\catalogo_milk_2022.pdf
Milk Distribuidora,COCO,46,Sim,2,2022-02-14,lista_pontilhada,Alta,Sim,dados\catalogos\catalogo_milk_2022.pdf
Milk Distribuidora,CREME VANILA,47,Sim,2,2022-02-14,lista_pontilhada,Alta,Sim,dados\catalogos\catalogo_milk_2022.pdf
Milk Distribuidora,DOCE DE LEITE,48,Sim,2,2022-02-14,lista_pontilhada,Alta,Sim,dados\catalogos\catalogo_milk_2022.pdf
Milk Distribuidora,GRAVIOLA,49,Sim,2,2022-02-14,lista_pontilhada,Alta,Sim,dados\catalogos\catalogo_milk_2022.pdf
Milk Distribuidora,IOGURTE MORANGO,50,Sim,2,2022-02-14,lista_pontilhada,Alta,Sim,dados\catalogos\catalogo_milk_2022.pdf
Milk Distribuidora,LEITE CONDENSADO,51,Sim,2,2022-02-14,lista_pontilhada,Alta,Sim,dados\catalogos\catalogo_milk_2022.pdf
Milk Distribuidora,MARACUJÁ,52,Sim,2,2022-02-14,lista_pontilhada,Alta,Sim,dados\catalogos\catalogo_milk_2022.pdf
Milk Distribuidora,MILHO VERDE,53,Sim,2,2022-02-14,lista_pontilhada,Alta,Sim,dados\catalogos\catalogo_milk_2022.pdf
Milk Distribuidora,MORANGO,54,Sim,2,2022-02-14,lista_pontilhada,Alta,Sim,dados\catalogos\catalogo_milk_2022.pdf
Milk Distribuidora,MORANGO STAR,55,Sim,2,2022-02-14,lista_pontilhada,Alta,Sim,dados\catalogos\catalogo_milk_2022.pdf
Milk Distribuidora,NATA,56,Sim,2,2022-02-14,lista_pontilhada,Alta,Sim,dados\catalogos\catalogo_milk_2022.pdf
Milk Distribuidora,TORTA DE LIMÃO,57,Sim,2,2022-02-14,lista_pontilhada,Alta,Sim,dados\catalogos\catalogo_milk_2022.pdf
Milk Distribuidora,STARGEL 10KG,58,Sim,2,2022-02-14,lista_pontilhada,Alta,Sim,dados\catalogos\catalogo_milk_2022.pdf
Milk Distribuidora,CAPPUCCINO,XX,Não,2,2022-02-14,lista_pontilhada,Alta,Sim,dados\catalogos\catalogo_milk_2022.pdf
Milk Distribuidora,CREME DE AVELÃ • 4 Kg,099,Sim,3,2022-02-14,lista_pontilhada,Alta,Sim,dados\catalogos\catalogo_milk_2022.pdf
Milk Distribuidora,MORANGO,100,Sim,3,2022-02-14,lista_pontilhada,Alta,Sim,dados\catalogos\catalogo_milk_2022.pdf
Milk Distribuidora,MORANGO,101,Sim,3,2022-02-14,lista_pontilhada,Alta,Sim,dados\catalogos\catalogo_milk_2022.pdf
Milk Distribuidora,CHOC MEIO AMARGO,102,Sim,3,2022-02-14,lista_pontilhada,Alta,Sim,dados\catalogos\catalogo_milk_2022.pdf
Milk Distribuidora,"MORANGO • 4,5 Kg",103,Sim,3,2022-02-14,lista_pontilhada,Alta,Sim,dados\catalogos\catalogo_milk_2022.pdf
Milk Distribuidora,CHOCOLATE,104,Sim,3,2022-02-14,lista_pontilhada,Alta,Sim,dados\catalogos\catalogo_milk_2022.pdf
Milk Distribuidora,CHOCOLATE,105,Sim,3,2022-02-14,lista_pontilhada,Alta,Sim,dados\catalogos\catalogo_milk_2022.pdf
Milk Distribuidora,CARAMELO GOUMET • 5 Kg,106,Sim,3,2022-02-14,lista_pontilhada,Alta,Sim,dados\catalogos\catalogo_milk_2022.pdf
Milk Distribuidora,CHOCOLATE TRUFADO • 4 Kg,107,Sim,3,2022-02-14,lista_pontilhada,Alta,Sim,dados\catalogos\catalogo_milk_2022.pdf
Milk Distribuidora,TRUFA BRANCA • 4 Kg,108,Sim,3,2022-02-14,lista_pontilhada,Alta,Sim,dados\catalogos\catalogo_milk_2022.pdf
Milk Distribuidora,LEITINHO • 4 Kg,111,Sim,3,2022-02-14,lista_pontilhada,Alta,Sim,dados\catalogos\catalogo_milk_2022.pdf
Milk Distribuidora,"FRUTAS DO BOSQUE • 1,2KG",153,Sim,3,2022-02-14,lista_pontilhada,Alta,Sim,dados\catalogos\catalogo_milk_2022.pdf
Milk Distribuidora,LIGA STARMIX G • 3 KG,157,Sim,3,2022-02-14,lista_pontilhada,Alta,Sim,dados\catalogos\catalogo_milk_2022.pdf
Milk Distribuidora,CARAMELO,17,Sim,3,2022-02-14,lista_pontilhada,Alta,Sim,dados\catalogos\catalogo_milk_2022.pdf
Milk Distribuidora,NEUTRA ARTESANAL • 1 KG,18,Sim,3,2022-02-14,lista_pontilhada,Alta,Sim,dados\catalogos\catalogo_milk_2022.pdf
Milk Distribuidora,LIGA STARMIX G • 2 KG,19,Sim,3,2022-02-14,lista_pontilhada,Alta,Sim,dados\catalogos\catalogo_milk_2022.pdf
Milk Distribuidora,CHOCOLATE,20,Sim,3,2022-02-14,lista_pontilhada,Alta,Sim,dados\catalogos\catalogo_milk_2022.pdf
Milk Distribuidora,TRADICIONAL,29,Sim,3,2022-02-14,lista_pontilhada,Alta,Sim,dados\catalogos\catalogo_milk_2022.pdf
Milk Distribuidora,CHOCOLATE BRANCO,30,Sim,3,2022-02-14,lista_pontilhada,Alta,Sim,dados\catalogos\catalogo_milk_2022.pdf
Milk Distribuidora,CHOCOLATE PARA FLOCOS,36,Sim,3,2022-02-14,lista_pontilhada,Alta,Sim,dados\catalogos\catalogo_milk_2022.pdf
Milk Distribuidora,CARAMELO,XX,Não,3,2022-02-14,lista_pontilhada,Alta,Sim,dados\catalogos\catalogo_milk_2022.pdf
Milk Distribuidora,MORANGO,XX,Não,3,2022-02-14,lista_pontilhada,Alta,Sim,dados\catalogos\catalogo_milk_2022.pdf
Milk Distribuidora,CAFÉ • 1 Kg,XX,Não,3,2022-02-14,lista_pontilhada,Alta,Sim,dados\catalogos\catalogo_milk_2022.pdf
Milk Distribuidora,CHOC. CHOC. MEIO,12,Sim,4,2022-02-14,coordenadas_pdf,Média,Sim,dados\catalogos\catalogo_milk_2022.pdf
Milk Distribuidora,"CROCANTE • 1,050 KG",121,Sim,4,2022-02-14,lista_pontilhada,Alta,Sim,dados\catalogos\catalogo_milk_2022.pdf
Milk Distribuidora,BRANCO • 5 KG AMARGO • 5 KG,13,Sim,4,2022-02-14,coordenadas_pdf,Média,Sim,dados\catalogos\catalogo_milk_2022.pdf
Milk Distribuidora,"MACIO • 1,050 KG",14,Sim,4,2022-02-14,lista_pontilhada,Alta,Sim,dados\catalogos\catalogo_milk_2022.pdf
Milk Distribuidora,"GRANULADO CHOCOLATE DORI • 1,010 KG",173,Sim,4,2022-02-14,coordenadas_pdf,Média,Sim,dados\catalogos\catalogo_milk_2022.pdf
Milk Distribuidora,COLORETI MINI SORTIDO • 500G,175,Sim,4,2022-02-14,coordenadas_pdf,Média,Sim,dados\catalogos\catalogo_milk_2022.pdf
Milk Distribuidora,CHOC. CHOC. MEIO,271,Sim,4,2022-02-14,coordenadas_pdf,Média,Sim,dados\catalogos\catalogo_milk_2022.pdf
Milk Distribuidora,BRANCO • 5 KG AMARGO • 5 KG,272,Sim,4,2022-02-14,coordenadas_pdf,Média,Sim,dados\catalogos\catalogo_milk_2022.pdf
Milk Distribuidora,CHOCOCANDY PASTILHA COLORIDA 500 G,94,Sim,4,2022-02-14,coordenadas_pdf,Média,Sim,dados\catalogos\catalogo_milk_2022.pdf
Milk Distribuidora,"DISQUETE CHOCOLATE • 1,010 KG",95,Sim,4,2022-02-14,coordenadas_pdf,Média,Sim,dados\catalogos\catalogo_milk_2022.pdf
Milk Distribuidora,GRANULADO TRDICIONAL KERRY • 1 KG,98,Sim,4,2022-02-14,coordenadas_pdf,Média,Sim,dados\catalogos\catalogo_milk_2022.pdf
Milk Distribuidora,MINI CEREAL CROCANTE M BRANCO/PRETO 500 G,122,Sim,5,2022-02-14,coordenadas_pdf,Média,Sim,dados\catalogos\catalogo_milk_2022.pdf
Milk Distribuidora,BIG CEREAL CROCANTE CHOCOLATE 500 G,123,Sim,5,2022-02-14,coordenadas_pdf,Média,Sim,dados\catalogos\catalogo_milk_2022.pdf
Milk Distribuidora,"COB GTS MEIO AMARGO 1,050 KG",161,Sim,5,2022-02-14,coordenadas_pdf,Média,Sim,dados\catalogos\catalogo_milk_2022.pdf
Milk Distribuidora,"COB. CHIPSHOW AVELÃ TOP 1,050 KG",168,Sim,5,2022-02-14,coordenadas_pdf,Média,Sim,dados\catalogos\catalogo_milk_2022.pdf
Milk Distribuidora,"COB. CHIPSHOW BRANCO TOP 1,050 KG",169,Sim,5,2022-02-14,coordenadas_pdf,Média,Sim,dados\catalogos\catalogo_milk_2022.pdf
Milk Distribuidora,COLORETI MINI BALL MISTO 500 G,177,Sim,5,2022-02-14,coordenadas_pdf,Média,Sim,dados\catalogos\catalogo_milk_2022.pdf
Milk Distribuidora,COLORETI BALL 500 G,179,Sim,5,2022-02-14,coordenadas_pdf,Média,Sim,dados\catalogos\catalogo_milk_2022.pdf
Milk Distribuidora,BIG CEREAL CHOC. BRANCO 500 G,273,Sim,5,2022-02-14,coordenadas_pdf,Média,Sim,dados\catalogos\catalogo_milk_2022.pdf
Milk Distribuidora,GRANULADO MACIO COLORIDO,291,Sim,5,2022-02-14,coordenadas_pdf,Média,Sim,dados\catalogos\catalogo_milk_2022.pdf
Milk Distribuidora,MINI CEREAL CROCANTE P BRANCO/PRETO 500 G,292,Sim,5,2022-02-14,coordenadas_pdf,Média,Sim,dados\catalogos\catalogo_milk_2022.pdf
Milk Distribuidora,BIG CEREAL BRANCO/PRETO 500 G,293,Sim,5,2022-02-14,coordenadas_pdf,Média,Sim,dados\catalogos\catalogo_milk_2022.pdf
Milk Distribuidora,FLOCOS DE ARROZ A GRANEL,110,Sim,6,2022-02-14,coordenadas_pdf,Média,Sim,dados\catalogos\catalogo_milk_2022.pdf
Milk Distribuidora,FLOCOS CROCANTES OVOMALTINE 750 G,118,Sim,6,2022-02-14,coordenadas_pdf,Média,Sim,dados\catalogos\catalogo_milk_2022.pdf
Milk Distribuidora,CHOCOLATE EM PÓ SOLÚVEL 50% CACAU,124,Sim,6,2022-02-14,coordenadas_pdf,Média,Sim,dados\catalogos\catalogo_milk_2022.pdf
Milk Distribuidora,UVA PASSA CAIXA 10 KG,163,Sim,6,2022-02-14,coordenadas_pdf,Média,Sim,dados\catalogos\catalogo_milk_2022.pdf
Milk Distribuidora,NUTELLA COM AVELÃ 650 G,172,Sim,6,2022-02-14,coordenadas_pdf,Média,Sim,dados\catalogos\catalogo_milk_2022.pdf
Milk Distribuidora,PAÇOQUINHA TUBITOS CAIXA,176,Sim,6,2022-02-14,coordenadas_pdf,Média,Sim,dados\catalogos\catalogo_milk_2022.pdf
Milk Distribuidora,PAÇOQUINHA TUBITOS POTE 750 G,178,Sim,6,2022-02-14,coordenadas_pdf,Média,Sim,dados\catalogos\catalogo_milk_2022.pdf
Milk Distribuidora,FLOCOS DE ARROZ 400 G,37,Sim,6,2022-02-14,coordenadas_pdf,Média,Sim,dados\catalogos\catalogo_milk_2022.pdf
Milk Distribuidora,GOMETS GOMA SINO 1 KG,93,Sim,6,2022-02-14,coordenadas_pdf,Média,Sim,dados\catalogos\catalogo_milk_2022.pdf
Milk Distribuidora,"PAÇOQUINHA ROLHA POTE 1,25 KG",96,Sim,6,2022-02-14,coordenadas_pdf,Média,Sim,dados\catalogos\catalogo_milk_2022.pdf
Milk Distribuidora,"OVOMALTINE CREME CROCANTE 2,10 KG",XX,Não,6,2022-02-14,coordenadas_pdf,Média,Sim,dados\catalogos\catalogo_milk_2022.pdf
Milk Distribuidora,CACAU EM PÓ ALCALINO BARRY 25 KG,05,Sim,7,2022-02-14,coordenadas_pdf,Média,Sim,dados\catalogos\catalogo_milk_2022.pdf
Milk Distribuidora,"COBERTURA CHIPSHOW CHOCOLATE AO LEITE 2,5 KG",06,Sim,7,2022-02-14,coordenadas_pdf,Média,Sim,dados\catalogos\catalogo_milk_2022.pdf
Milk Distribuidora,CACAU PROCESSADO BENSDORP BARRY 5 KG,125,Sim,7,2022-02-14,coordenadas_pdf,Média,Sim,dados\catalogos\catalogo_milk_2022.pdf
Milk Distribuidora,CREME DE CHANTILLY,144,Sim,7,2022-02-14,coordenadas_pdf,Média,Sim,dados\catalogos\catalogo_milk_2022.pdf
Milk Distribuidora,BRIGADEIRO DE COLHER ALISPEC • 1 KG,266,Sim,7,2022-02-14,coordenadas_pdf,Média,Sim,dados\catalogos\catalogo_milk_2022.pdf
Milk Distribuidora,"RECHEIO COBERTURA CHOCOLATE • 1,05 KG",276,Sim,7,2022-02-14,coordenadas_pdf,Média,Sim,dados\catalogos\catalogo_milk_2022.pdf
Milk Distribuidora,BEBIDA LÁCTEA VIGOR BAUNILHA,281,Sim,7,2022-02-14,coordenadas_pdf,Média,Sim,dados\catalogos\catalogo_milk_2022.pdf
Milk Distribuidora,CREME CULINÁRIO BRIGATTA,282,Sim,7,2022-02-14,coordenadas_pdf,Média,Sim,dados\catalogos\catalogo_milk_2022.pdf
Milk Distribuidora,PASTA DE AMENDOIM NUT • 4KG,286,Sim,7,2022-02-14,coordenadas_pdf,Média,Sim,dados\catalogos\catalogo_milk_2022.pdf
Milk Distribuidora,AMENDOIM GRANULADOS NUT,287,Sim,7,2022-02-14,coordenadas_pdf,Média,Sim,dados\catalogos\catalogo_milk_2022.pdf
Milk Distribuidora,AMENDOIM BANDA NUT • 1KG,288,Sim,7,2022-02-14,coordenadas_pdf,Média,Sim,dados\catalogos\catalogo_milk_2022.pdf
Milk Distribuidora,BEBIDA LÁCTEA VIGOR CHOCOLATE,289,Sim,7,2022-02-14,coordenadas_pdf,Média,Sim,dados\catalogos\catalogo_milk_2022.pdf
Milk Distribuidora,"DOCE DE SORO DE LEITE COM CHOC. 9,8KG",04,Sim,8,2022-02-14,coordenadas_pdf,Média,Sim,dados\catalogos\catalogo_milk_2022.pdf
Milk Distribuidora,"DOCE DE SORO DE LEITE TRADICIONAL 4,8 KG",09,Sim,8,2022-02-14,coordenadas_pdf,Média,Sim,dados\catalogos\catalogo_milk_2022.pdf
Milk Distribuidora,"2,5 KG",142,Sim,8,2022-02-14,lista_pontilhada,Alta,Sim,dados\catalogos\catalogo_milk_2022.pdf
Milk Distribuidora,"CHOCOLATE EM PÓ MELKEN 50% 1,050 KG",15,Sim,8,2022-02-14,coordenadas_pdf,Média,Sim,dados\catalogos\catalogo_milk_2022.pdf
Milk Distribuidora,"DOCE DE LEITE PARA CONFEITARIA AUREA 4,5 KG",154,Sim,8,2022-02-14,coordenadas_pdf,Média,Sim,dados\catalogos\catalogo_milk_2022.pdf
Milk Distribuidora,GANACHE MEIO AMARGO MELKEN 1 KG,166,Sim,8,2022-02-14,coordenadas_pdf,Média,Sim,dados\catalogos\catalogo_milk_2022.pdf
Milk Distribuidora,GANACHE AVELÃ MELKEN 1 KG,167,Sim,8,2022-02-14,coordenadas_pdf,Média,Sim,dados\catalogos\catalogo_milk_2022.pdf
Milk Distribuidora,"4,5 KG",32,Sim,8,2022-02-14,lista_pontilhada,Alta,Sim,dados\catalogos\catalogo_milk_2022.pdf
Milk Distribuidora,"FRAMBOESA 1,8 KG",XX,Não,8,2022-02-14,lista_pontilhada,Alta,Sim,dados\catalogos\catalogo_milk_2022.pdf
Milk Distribuidora,"FRUTAS DO BOSQUE 1,8 KG",XX,Não,8,2022-02-14,lista_pontilhada,Alta,Sim,dados\catalogos\catalogo_milk_2022.pdf
Milk Distribuidora,OLEO DE PALMISTE REFINADO CAIXA,03,Sim,9,2022-02-14,coordenadas_pdf,Média,Sim,dados\catalogos\catalogo_milk_2022.pdf
Milk Distribuidora,"MORANGO 4,1 KG",08,Sim,9,2022-02-14,lista_pontilhada,Alta,Sim,dados\catalogos\catalogo_milk_2022.pdf
Milk Distribuidora,"FRUTAS VERMELHAS 4,1 KG",113,Sim,9,2022-02-14,lista_pontilhada,Alta,Sim,dados\catalogos\catalogo_milk_2022.pdf
Milk Distribuidora,OLEO DE PALMISTE REFINADO BALDE,117,Sim,9,2022-02-14,coordenadas_pdf,Média,Sim,dados\catalogos\catalogo_milk_2022.pdf
Milk Distribuidora,"ABACAXI 4,1 KG",159,Sim,9,2022-02-14,lista_pontilhada,Alta,Sim,dados\catalogos\catalogo_milk_2022.pdf
Milk Distribuidora,"ABACAXI AO VINHO 4,1 KG",174,Sim,9,2022-02-14,lista_pontilhada,Alta,Sim,dados\catalogos\catalogo_milk_2022.pdf
Milk Distribuidora,"BANANA CARAMELIZADA 4,1 KG",265,Sim,9,2022-02-14,lista_pontilhada,Alta,Sim,dados\catalogos\catalogo_milk_2022.pdf
Milk Distribuidora,LEITE CONDENSADO PURELAC 5 KG,282,Sim,9,2022-02-14,coordenadas_pdf,Média,Sim,dados\catalogos\catalogo_milk_2022.pdf
Milk Distribuidora,"CREME DE GOIABA 4,8 KG",97,Sim,9,2022-02-14,coordenadas_pdf,Média,Sim,dados\catalogos\catalogo_milk_2022.pdf
Milk Distribuidora,Kerrylac 800i,120,Sim,10,2022-02-14,coordenadas_pdf,Média,Sim,dados\catalogos\catalogo_milk_2022.pdf
Milk Distribuidora,GORDURA DE PALMA 370B,257,Sim,10,2022-02-14,coordenadas_pdf,Média,Sim,dados\catalogos\catalogo_milk_2022.pdf
Milk Distribuidora,GLUCODRY 40 25 KG,33,Sim,10,2022-02-14,coordenadas_pdf,Média,Sim,dados\catalogos\catalogo_milk_2022.pdf
Milk Distribuidora,GLUCOGILL 40/82 25 KG,34,Sim,10,2022-02-14,coordenadas_pdf,Média,Sim,dados\catalogos\catalogo_milk_2022.pdf
Milk Distribuidora,COPO BAMBA ESPECIAL,261,Sim,11,2022-02-14,coordenadas_pdf,Média,Sim,dados\catalogos\catalogo_milk_2022.pdf
Milk Distribuidora,COPO BIJU,262,Sim,11,2022-02-14,coordenadas_pdf,Média,Sim,dados\catalogos\catalogo_milk_2022.pdf
Milk Distribuidora,ROLINHO BIJU,279,Sim,11,2022-02-14,coordenadas_pdf,Média,Sim,dados\catalogos\catalogo_milk_2022.pdf
Milk Distribuidora,CASCÃO,283,Sim,11,2022-02-14,coordenadas_pdf,Média,Sim,dados\catalogos\catalogo_milk_2022.pdf
Milk Distribuidora,COPO BISCOITO,290,Sim,11,2022-02-14,coordenadas_pdf,Média,Sim,dados\catalogos\catalogo_milk_2022.pdf
